Workbook

Sheet Instructions
B1: Bulk Product Import — Instructions
B3: Column | C3: Description
B4: product_name | C4: Name of the product (required)
B5: category | C5: Select from dropdown — shows full hierarchy e.g. '13 - Women > Tops > Blouse' (required)
B6: product_price | C6: Numeric price (e.g. 299.00)
B7: product_brand | C7: Brand name (text)
B8: product_stock | C8: Quantity in stock (whole number)
B9: size_label | C9: Dropdown: XS, S, M, L, XL, XXL, Free Size — editable if needed
B10: product_condition | C10: Dropdown: Brand New, Like New, Gently Used, Used — editable if needed
B11: product_description | C11: Product description (text)
B12: show_in_catalog | C12: Dropdown: 0 (hidden) or 1 (visible)
B13: image_1 | C13: Filename of the primary (cover) photo for this product. e.g. front.jpg. Supported: jpg, jpeg, png, webp, gif, avif. Max 5 MB. If blank, the first filled image column is used as primary.
B14: image_2 | C14: Second product image filename. Optional.
... B17: image_5 | C17: Fifth product image filename. Optional.
B19: How to use
B20: 1. Fill in products on the 'Product Import' tab using the dropdowns.
B21: 2. The 'Export Ready' tab auto-generates with category_id as a plain number.
B22: 3. Use the 'Export Ready' sheet for your actual database import.
B24: Full Category Reference
B25: ID | C25: Full Path | D25: Parent
B26: 1 | C26: Men | D26: —
B27: 2 | C27: Women | D27: —
B28: 3 | C28: Men > T-Shirt | D28: Men
B29: 4 | C29: Women > T-Shirt | D29: Women
B30: 5 | C30: Men > Co-ords | D30: Men
B31: 6 | C31: Women > Co-ords | D31: Women
B32: 7 | C32: Men > Bottoms | D32: Men
B33: 8 | C33: Women > Bottoms | D33: Women
B34: 9 | C34: Women > Dresses | D34: Women
B35: 10 | C35: Men > T-Shirt > Dri-Fit | D35: T-Shirt
B36: 11 | C36: Men > T-Shirt > Cotton | D36: T-Shirt
B37: 12 | C37: Women > Tops | D37: Women
... B76: 52 | C76: Men > Footwear > Shoes | D76: Footwear

Sheet Product Import
A1: product_name | B1: category | C1: product_price | D1: product_brand | E1: product_stock | F1: size_label | G1: product_condition | H1: product_description | I1: show_in_catalog | J1: image_1 | K1: image_2 | L1: image_3 | M1: image_4 | N1: image_5
A2: Classic Cotton Tee | B2: 11 - Men > T-Shirt > Cotton | C2: 299 | D2: Bench | E2: 50 | F2: L | G2: Brand New | H2: Comfortable everyday cotton t-shirt for men | I2: 1 | J2: back.jpg
A3: Floral Croptop | B3: 14 - Women > Tops > Croptop | C3: 199 | D3: Shein | E3: 30 | F3: S | G3: Brand New | H3: Trendy floral print croptop, lightweight fabric | I3: 1 | J3: back.jpg
A4: Kids Casual Dress | B4: 41 - Children > Dresses > Casual | C4: 450 | D4: Gingersnaps | E4: 15 | F4: Free Size | G4: Like New | H4: Cute casual dress for kids, fits ages 3-5 | I4: 1 | J4: back.jpg

Sheet Categories
A1: 1 - Men
A2: 2 - Women
A3: 3 - Men > T-Shirt
A4: 4 - Women > T-Shirt
A5: 5 - Men > Co-ords
A6: 6 - Women > Co-ords
A7: 7 - Men > Bottoms
A8: 8 - Women > Bottoms
A9: 9 - Women > Dresses
A10: 10 - Men > T-Shirt > Dri-Fit
A11: 11 - Men > T-Shirt > Cotton
A12: 12 - Women > Tops
... A51: 52 - Men > Footwear > Shoes

Sheet Export Ready
A1: This sheet auto-populates from 'Product Import'. Use this for your actual import/export.
A2: product_name | B2: category_id | C2: product_price | D2: product_brand | E2: product_stock | F2: size_label | G2: product_condition | H2: product_description | I2: show_in_catalog | J2: image_1 | K2: image_2 | L2: image_3 | M2: image_4 | N2: image_5
A3: ='Product Import'!A2 -> Classic Cotton Tee | B3: =IF('Product Import'!B2="","",VALUE(LEFT('Product Import'!B2,FIND(" - ",'Product Import'!B2)-1))) -> 11 | C3: ='Product Import'!C2 -> 299 | D3: ='Product Import'!D2 -> Bench | E3: ='Product Import'!E2 -> 50 | F3: ='Product Import'!F2 -> L | G3: ='Product Import'!G2 -> Brand New | H3: ='Product Import'!H2 -> Comfortable everyday cotton t-shirt for men | I3: ='Product Import'!I2 -> 1 | J3: =IF('Product Import'!J2="", "", 'Product Import'!J2) -> back.jpg | K3: =IF('Product Import'!K2="", "", 'Product Import'!K2) | L3: =IF('Product Import'!L2="", "", 'Product Import'!L2) | M3: =IF('Product Import'!M2="", "", 'Product Import'!M2) | N3: =IF('Product Import'!N2="", "", 'Product Import'!N2)
A4: ='Product Import'!A3 -> Floral Croptop | B4: =IF('Product Import'!B3="","",VALUE(LEFT('Product Import'!B3,FIND(" - ",'Product Import'!B3)-1))) -> 14 | C4: ='Product Import'!C3 -> 199 | D4: ='Product Import'!D3 -> Shein | E4: ='Product Import'!E3 -> 30 | F4: ='Product Import'!F3 -> S | G4: ='Product Import'!G3 -> Brand New | H4: ='Product Import'!H3 -> Trendy floral print croptop, lightweight fabric | I4: ='Product Import'!I3 -> 1 | J4: =IF('Product Import'!J3="", "", 'Product Import'!J3) -> back.jpg | K4: =IF('Product Import'!K3="", "", 'Product Import'!K3) | L4: =IF('Product Import'!L3="", "", 'Product Import'!L3) | M4: =IF('Product Import'!M3="", "", 'Product Import'!M3) | N4: =IF('Product Import'!N3="", "", 'Product Import'!N3)
A5: ='Product Import'!A4 -> Kids Casual Dress | B5: =IF('Product Import'!B4="","",VALUE(LEFT('Product Import'!B4,FIND(" - ",'Product Import'!B4)-1))) -> 41 | C5: ='Product Import'!C4 -> 450 | D5: ='Product Import'!D4 -> Gingersnaps | E5: ='Product Import'!E4 -> 15 | F5: ='Product Import'!F4 -> Free Size | G5: ='Product Import'!G4 -> Like New | H5: ='Product Import'!H4 -> Cute casual dress for kids, fits ages 3-5 | I5: ='Product Import'!I4 -> 1 | J5: =IF('Product Import'!J4="", "", 'Product Import'!J4) -> back.jpg | K5: =IF('Product Import'!K4="", "", 'Product Import'!K4) | L5: =IF('Product Import'!L4="", "", 'Product Import'!L4) | M5: =IF('Product Import'!M4="", "", 'Product Import'!M4) | N5: =IF('Product Import'!N4="", "", 'Product Import'!N4)
A6: ='Product Import'!A5 -> 0 | B6: =IF('Product Import'!B5="","",VALUE(LEFT('Product Import'!B5,FIND(" - ",'Product Import'!B5)-1))) | C6: ='Product Import'!C5 -> 0 | D6: ='Product Import'!D5 -> 0 | E6: ='Product Import'!E5 -> 0 | F6: ='Product Import'!F5 -> 0 | G6: ='Product Import'!G5 -> 0 | H6: ='Product Import'!H5 -> 0 | I6: ='Product Import'!I5 -> 0 | J6: =IF('Product Import'!J5="", "", 'Product Import'!J5) | K6: =IF('Product Import'!K5="", "", 'Product Import'!K5) | L6: =IF('Product Import'!L5="", "", 'Product Import'!L5) | M6: =IF('Product Import'!M5="", "", 'Product Import'!M5) | N6: =IF('Product Import'!N5="", "", 'Product Import'!N5)
A7: ='Product Import'!A6 -> 0 | B7: =IF('Product Import'!B6="","",VALUE(LEFT('Product Import'!B6,FIND(" - ",'Product Import'!B6)-1))) | C7: ='Product Import'!C6 -> 0 | D7: ='Product Import'!D6 -> 0 | E7: ='Product Import'!E6 -> 0 | F7: ='Product Import'!F6 -> 0 | G7: ='Product Import'!G6 -> 0 | H7: ='Product Import'!H6 -> 0 | I7: ='Product Import'!I6 -> 0 | J7: =IF('Product Import'!J6="", "", 'Product Import'!J6) | K7: =IF('Product Import'!K6="", "", 'Product Import'!K6) | L7: =IF('Product Import'!L6="", "", 'Product Import'!L6) | M7: =IF('Product Import'!M6="", "", 'Product Import'!M6) | N7: =IF('Product Import'!N6="", "", 'Product Import'!N6)
A8: ='Product Import'!A7 -> 0 | B8: =IF('Product Import'!B7="","",VALUE(LEFT('Product Import'!B7,FIND(" - ",'Product Import'!B7)-1))) | C8: ='Product Import'!C7 -> 0 | D8: ='Product Import'!D7 -> 0 | E8: ='Product Import'!E7 -> 0 | F8: ='Product Import'!F7 -> 0 | G8: ='Product Import'!G7 -> 0 | H8: ='Product Import'!H7 -> 0 | I8: ='Product Import'!I7 -> 0 | J8: =IF('Product Import'!J7="", "", 'Product Import'!J7) | K8: =IF('Product Import'!K7="", "", 'Product Import'!K7) | L8: =IF('Product Import'!L7="", "", 'Product Import'!L7) | M8: =IF('Product Import'!M7="", "", 'Product Import'!M7) | N8: =IF('Product Import'!N7="", "", 'Product Import'!N7)
A9: ='Product Import'!A8 -> 0 | B9: =IF('Product Import'!B8="","",VALUE(LEFT('Product Import'!B8,FIND(" - ",'Product Import'!B8)-1))) | C9: ='Product Import'!C8 -> 0 | D9: ='Product Import'!D8 -> 0 | E9: ='Product Import'!E8 -> 0 | F9: ='Product Import'!F8 -> 0 | G9: ='Product Import'!G8 -> 0 | H9: ='Product Import'!H8 -> 0 | I9: ='Product Import'!I8 -> 0 | J9: =IF('Product Import'!J8="", "", 'Product Import'!J8) | K9: =IF('Product Import'!K8="", "", 'Product Import'!K8) | L9: =IF('Product Import'!L8="", "", 'Product Import'!L8) | M9: =IF('Product Import'!M8="", "", 'Product Import'!M8) | N9: =IF('Product Import'!N8="", "", 'Product Import'!N8)
A10: ='Product Import'!A9 -> 0 | B10: =IF('Product Import'!B9="","",VALUE(LEFT('Product Import'!B9,FIND(" - ",'Product Import'!B9)-1))) | C10: ='Product Import'!C9 -> 0 | D10: ='Product Import'!D9 -> 0 | E10: ='Product Import'!E9 -> 0 | F10: ='Product Import'!F9 -> 0 | G10: ='Product Import'!G9 -> 0 | H10: ='Product Import'!H9 -> 0 | I10: ='Product Import'!I9 -> 0 | J10: =IF('Product Import'!J9="", "", 'Product Import'!J9) | K10: =IF('Product Import'!K9="", "", 'Product Import'!K9) | L10: =IF('Product Import'!L9="", "", 'Product Import'!L9) | M10: =IF('Product Import'!M9="", "", 'Product Import'!M9) | N10: =IF('Product Import'!N9="", "", 'Product Import'!N9)
A11: ='Product Import'!A10 -> 0 | B11: =IF('Product Import'!B10="","",VALUE(LEFT('Product Import'!B10,FIND(" - ",'Product Import'!B10)-1))) | C11: ='Product Import'!C10 -> 0 | D11: ='Product Import'!D10 -> 0 | E11: ='Product Import'!E10 -> 0 | F11: ='Product Import'!F10 -> 0 | G11: ='Product Import'!G10 -> 0 | H11: ='Product Import'!H10 -> 0 | I11: ='Product Import'!I10 -> 0 | J11: =IF('Product Import'!J10="", "", 'Product Import'!J10) | K11: =IF('Product Import'!K10="", "", 'Product Import'!K10) | L11: =IF('Product Import'!L10="", "", 'Product Import'!L10) | M11: =IF('Product Import'!M10="", "", 'Product Import'!M10) | N11: =IF('Product Import'!N10="", "", 'Product Import'!N10)
A12: ='Product Import'!A11 -> 0 | B12: =IF('Product Import'!B11="","",VALUE(LEFT('Product Import'!B11,FIND(" - ",'Product Import'!B11)-1))) | C12: ='Product Import'!C11 -> 0 | D12: ='Product Import'!D11 -> 0 | E12: ='Product Import'!E11 -> 0 | F12: ='Product Import'!F11 -> 0 | G12: ='Product Import'!G11 -> 0 | H12: ='Product Import'!H11 -> 0 | I12: ='Product Import'!I11 -> 0 | J12: =IF('Product Import'!J11="", "", 'Product Import'!J11) | K12: =IF('Product Import'!K11="", "", 'Product Import'!K11) | L12: =IF('Product Import'!L11="", "", 'Product Import'!L11) | M12: =IF('Product Import'!M11="", "", 'Product Import'!M11) | N12: =IF('Product Import'!N11="", "", 'Product Import'!N11)
A13: ='Product Import'!A12 -> 0 | B13: =IF('Product Import'!B12="","",VALUE(LEFT('Product Import'!B12,FIND(" - ",'Product Import'!B12)-1))) | C13: ='Product Import'!C12 -> 0 | D13: ='Product Import'!D12 -> 0 | E13: ='Product Import'!E12 -> 0 | F13: ='Product Import'!F12 -> 0 | G13: ='Product Import'!G12 -> 0 | H13: ='Product Import'!H12 -> 0 | I13: ='Product Import'!I12 -> 0 | J13: =IF('Product Import'!J12="", "", 'Product Import'!J12) | K13: =IF('Product Import'!K12="", "", 'Product Import'!K12) | L13: =IF('Product Import'!L12="", "", 'Product Import'!L12) | M13: =IF('Product Import'!M12="", "", 'Product Import'!M12) | N13: =IF('Product Import'!N12="", "", 'Product Import'!N12)
A14: ='Product Import'!A13 -> 0 | B14: =IF('Product Import'!B13="","",VALUE(LEFT('Product Import'!B13,FIND(" - ",'Product Import'!B13)-1))) | C14: ='Product Import'!C13 -> 0 | D14: ='Product Import'!D13 -> 0 | E14: ='Product Import'!E13 -> 0 | F14: ='Product Import'!F13 -> 0 | G14: ='Product Import'!G13 -> 0 | H14: ='Product Import'!H13 -> 0 | I14: ='Product Import'!I13 -> 0 | J14: =IF('Product Import'!J13="", "", 'Product Import'!J13) | K14: =IF('Product Import'!K13="", "", 'Product Import'!K13) | L14: =IF('Product Import'!L13="", "", 'Product Import'!L13) | M14: =IF('Product Import'!M13="", "", 'Product Import'!M13) | N14: =IF('Product Import'!N13="", "", 'Product Import'!N13)
... A102: ='Product Import'!A101 -> 0 | B102: =IF('Product Import'!B101="","",VALUE(LEFT('Product Import'!B101,FIND(" - ",'Product Import'!B101)-1))) | C102: ='Product Import'!C101 -> 0 | D102: ='Product Import'!D101 -> 0 | E102: ='Product Import'!E101 -> 0 | F102: ='Product Import'!F101 -> 0 | G102: ='Product Import'!G101 -> 0 | H102: ='Product Import'!H101 -> 0 | I102: ='Product Import'!I101 -> 0 | J102: =IF('Product Import'!J101="", "", 'Product Import'!J101) | K102: =IF('Product Import'!K101="", "", 'Product Import'!K101) | L102: =IF('Product Import'!L101="", "", 'Product Import'!L101) | M102: =IF('Product Import'!M101="", "", 'Product Import'!M101) | N102: =IF('Product Import'!N101="", "", 'Product Import'!N101)
